Iteration,MAE
0,0.03796105326509764
1,0.03279410196921781
2,0.03137865079227846
3,0.031183597235060576
4,0.030455605632438182
5,0.025184041315668235
6,0.024812998606669943
7,0.025755716128804326
8,0.026277328473770886
9,0.02579400857796625
10,0.022727241322800927
11,0.022530045659591876
12,0.02255383998814551
13,0.02241341159727351
14,0.02242008440968614
15,0.022209902273995608
16,0.02172170064976435
17,0.021293579547851094
18,0.02155342777373127
19,0.021421120460661747
20,0.021407930794549165
21,0.02123726305186955
22,0.021311816574290092
23,0.02100019251215621
24,0.02094842873033394
25,0.01938889632878003
26,0.019134083672380894
27,0.019051109653620956
28,0.01887694553119408
29,0.018917556189945655
30,0.01911908085924243
31,0.019040824519578853
32,0.019019094119941553
33,0.01898672100867582
34,0.01896444914490688
35,0.01891567711609008
36,0.018876667051780614
37,0.018736249915046268
38,0.0187316831617351
39,0.018683199294136248
40,0.018684515193497446
41,0.018768471641474088
42,0.018790420721839975
43,0.01947986649918884
44,0.01947410577690239
45,0.019573685343562085
46,0.019610595641912896
47,0.019461690818490425
48,0.019563063384394702
49,0.01948574230081381
50,0.019450940220190924
51,0.019774572328948966
52,0.019763520399312055
53,0.019821088934554674
54,0.01978316765959782
55,0.019763809464068235
56,0.019723160466366647
57,0.01964753477567972
58,0.01963097443618158
59,0.019572987441157114
60,0.019513883449247267
61,0.019508383624414136
62,0.018741125416885426
63,0.018724652067575273
64,0.01873112525708587
65,0.01872983628114062
66,0.018721777848252387
67,0.018632569224857495
68,0.018653867042414993
69,0.01846702811763973
70,0.018476884866131364
71,0.018464574941349406
72,0.018159670401767126
73,0.01815112122492051
74,0.018042973119480894
75,0.017623301137699665
76,0.017463143818754103
77,0.017307789286751196
78,0.017259376538654673
79,0.017144662749971198
80,0.017146737588793943
81,0.017008682511267366
82,0.016986907569787362
83,0.016974730599196047
84,0.01696518518480893
85,0.016910869343482925
86,0.01690668997073781
87,0.016450710474714768
88,0.016313708724381606
89,0.016314655822534323
90,0.01627533805992648
91,0.01626183874920067
92,0.016226586315260402
93,0.016127226864092157
94,0.01605887107094597
95,0.016055824243950696
96,0.016039652897563463
97,0.016008564834340527
98,0.015823152946923956
99,0.01581043874990712
100,0.015680250566431117
